"Temple Newsam",
"Wetherby",
"Harewood",
"Weetwood",
"Little London and Woodhouse",
"Middleton Park",
"Gipton and Harehills",
"Pudsey",
"Bramley and Stanningley",
"Horsforth",
"Burmantofts and Richmond Hill",
"Garforth and Swillington",
"Headingley and Hyde Park",
"Armley",
"Farnley and Wortley",
"Morley North",
"Cross Gates and Whinmoor",
"Otley and Yeadon",
"Calverley and Farsley",
"Rothwell",
"Kirkstall",
"Beeston and Holbeck",
"Morley South",
"Guiseley and Rawdon",
"Hunslet and Riverside",
"Chapel Allerton",
"Kippax and Methley",
"Killingbeck and Seacroft",
"Moortown",
"Alwoodley",
"Adel and Wharfedale",
"Roundhay",
"Ardsley and Robin Hood",
